<?xml version="1.0" encoding="utf-8"?>
<modification>
  <name>Time format 24hrs</name>
  <code>REDS_time_format_24hrs</code>
	<version>1.0</version>
	<author>REDS</author>
	<link>https://www.agenciaprai.com/</link>
	<info>Altere o formato de exibiçaõ de horas para 24hrs, isso pode ser útil se você não esta familiar com o formato AM/PM.</info>
	<!-- 
	d = dia
	m = mes
	y = ano
	Y = ano inteiro
	h = Hora 12 hrs
	H = Hora 24hrs
	i = Minuto
	s = Segundo
	A = AM/PM
 	12hrs = h:i:s A
	12hrs = h:i:s
	24hrs = H:i:s
	//-->
	<file path="admin/language/*/*.php|catalog/language/*/*.php">
		<operation error="log">
			<search><![CDATA[$_['time_format']                   = 'h:i:s A';]]></search>
			<add position="replace"><![CDATA[$_['time_format']                   = 'H:i:s';]]></add>
		</operation>
	</file>
	
</modification>